variable,n_non_missing,mean,sd,median,iqr,min,max,analysis_unit
Kompozit defektov,199,1.8914572864321608,0.45424750399260166,2,0.6000000000000001,1,3.6,hodnotenie
Kompozit klinickej vierohodnosti,199,4.082077051926298,0.4683798959364242,4,0.33333333333333304,2.3333333333333335,5,hodnotenie
Absolútna chyba S2 voči seedu,72,0.4756944444444445,0.301092656751907,0.5,0.33333333333333326,0,1,prepis rozhovoru
Absolútna chyba S1 voči seedu,72,0.431712962962963,0.2918179985973075,0.33333333333333337,0.33333333333333326,0,1,prepis rozhovoru
Priemerná absolútna chyba v symptomatických doménach A1-A9 voči seedu,72,0.5308641975308642,0.19755259835220937,0.5555555555555556,0.3333333333333333,0.1111111111111111,0.8888888888888888,prepis rozhovoru
