variable,n_non_missing,mean,sd,median,iqr,min,max
defect_index,4,2.4,0,2.4,0,2.4,2.4
impact_error,4,1,0,1,0,1,1
plausibility_index,4,3.583333333333333,0.16666666666666652,3.6666666666666665,0.08333333333333304,3.3333333333333335,3.6666666666666665
severity_error,4,1,0,1,0,1,1
symptom_error_mean,4,0.4722222222222222,0.18975834751777032,0.5,0.19444444444444453,0.2222222222222222,0.6666666666666666
