variable,n_non_missing,mean,sd,median,iqr,min,max,analysis_unit
defect_index,166,1.9734939759036145,0.4461510377084633,2,0.40000000000000013,1,3.6,rating
plausibility_index,166,4.008032128514056,0.46846954376951555,4,0,2.3333333333333335,5,rating
impact_error,72,0.4016203703703704,0.36587793660335904,0.5,0.5,0,1,transcript
severity_error,72,0.35300925925925924,0.3355247961059622,0.5,0.5,0,1,transcript
symptom_error_mean,72,0.5308641975308642,0.19755259835220937,0.5555555555555556,0.3333333333333333,0.1111111111111111,0.8888888888888888,transcript
