term,estimate,std_error,statistic,p_value,status,detail,conf_low,conf_high
(Intercept),-3.1750067905415973,11.544179313341957,-0.27503096620061557,0.7832924477630798,ok,NA,-25.801182475764158,19.45116889468096
plausibility_index,0.12949433292455773,1.9206685425389802,0.06742148895372437,0.9462461623987062,ok,NA,-3.6349468366908786,3.8939355025399944
defect_index,1.2099899499372557,1.972123089630881,0.6135468705270966,0.5395148012115443,ok,NA,-2.6553002788191264,5.075280178693638
