cluster,plausibility_index,defect_index,symptom_error_mean,g2,g5,severity_error,impact_error,n_transcripts
C1,3.6666666666666665,-2.4,-0.48148148148148145,2.3333333333333335,2.6666666666666665,-1,-1,3
C2,3.3333333333333335,-2.4,-0.4444444444444444,4,4,-1,-1,1
