transcript_id,seed_id,guardrail,profile,plausibility_index,defect_index,symptom_error_mean,g2,g5,severity_error,impact_error,cluster
84d00e77-cc78-457d-adea-9ad9271b025b,S01,off,R1,3.6666666666666665,-2.4,-0.2222222222222222,2,2,-1,-1,C1
8e5fcea6-e59b-444e-bffa-339bcb204de4,S04,off,R1,3.3333333333333335,-2.4,-0.4444444444444444,4,4,-1,-1,C2
9646f5b8-0ed5-4797-8b46-ffa523f2217a,S02,off,R1,3.6666666666666665,-2.4,-0.5555555555555556,3,3,-1,-1,C1
a5c9d5a6-f225-45b9-ae09-1ffd75da9015,S03,off,R1,3.6666666666666665,-2.4,-0.6666666666666666,2,3,-1,-1,C1
