k,silhouette,n_clusters,status,detail,selected
2,0.22401124579554843,2,ok,NA,TRUE
3,0.15975825815819852,3,ok,NA,FALSE
4,0.18323833974553286,4,ok,NA,FALSE
